201XR251B-ND,6,R32 R54
296-1410-5-ND,24,U2 U3 U4 U5 U6 U7 U8 U9
399-5872-ND,9,C9 C16 C19
399-5873-ND,9,C22 C30 C31
399-6036-ND,3,C11
399-9686-ND,15,C1 C2 C3 C26 C28
399-9692-1-ND,9,C5 C7 C8
445-4722-ND,6,C12 C24
478-4847-ND,3,C6
493-5955-ND,27,C15 C17 C20 C21 C23 C29 C32 C34 C35
493-6093-ND,3,C4
495-1292-ND,3,C10
507-1173-ND,6,F1 F2
BC1634-ND,12,C45 C46 C47 C48
ED60000-ND,27,socket socket socket socket socket socket socket socket socket
LM4562NA/NOPB-ND,3,U1
P1192-ND,9,C18 C33 C42
P12080-ND,9,C13 C36 C37
P16711-ND,6,C25 C27
P4522-ND,15,C14 C38 C39 C40 C41
PCF1604-ND,6,C43 C44
PJRAN1X1U01X,12,High1 In1 Low1 Mid1
Part,3,RefDes
RNF18FTD100KCT-ND,3,R10
RNF18FTD100RCT-ND,3,R5
RNF18FTD1K00CT-ND,30,R1 R12 R18 R24 R26 R27 R28 R37 R39 R45
RNF18FTD200KCT-ND,3,R9
RNF18FTD3K32CT-ND,3,R2
S1.1KCACT-ND,3,R22
S1.3KCACT-ND,6,R55 R57
S1.5KCACT-ND,15,R14 R16 R17 R56 R58
S1.6KCACT-ND,18,R20 R38 R59 R60 R61 R62
S1.8KCACT-ND,6,R21 R30
S110CACT-ND,6,R33 R63
S12KCACT-ND,3,R7
S15KCACT-ND,6,R40 R43
S180CACT-ND,3,R73
S180KCACT-ND,3,R8
S18KCACT-ND,6,R41 R44
S2.2KCACT-ND,9,R3 R4 R23
S2.7KCACT-ND,9,R35 R64 R66
S20KCACT-ND,3,R34
S2KCACT-ND,12,R15 R29 R36 R50
S3.3KCACT-ND,3,R51
S3.6KCACT-ND,12,R68 R69 R70 R71
S30KCACT-ND,3,R6
S330CACT-ND,3,R53
S360CACT-ND,3,R72
S3KCACT-ND,12,R19 R25 R65 R67
S4.3KCACT-ND,6,R13 R52
S4.7KCACT-ND,6,R11 R42
S56KCACT-ND,3,R31
S8.2KCACT-ND,12,R46 R47 R48 R49
